,time,low,high,open,close
0,2021-11-01 00:00:00+00:00,1.9434,1.9706,1.9704,1.9629
1,2021-11-01 01:00:00+00:00,1.9452,2.0,1.9629,1.9734
2,2021-11-01 02:00:00+00:00,1.9588,1.9838,1.9734,1.9838
3,2021-11-01 03:00:00+00:00,1.9336,1.9563,1.9838,1.9336
4,2021-11-01 04:00:00+00:00,1.9286,1.9633,1.9336,1.9286
5,2021-11-01 05:00:00+00:00,1.9197,1.9367,1.9286,1.9337
6,2021-11-01 06:00:00+00:00,1.9206,1.9411,1.9337,1.9327
7,2021-11-01 07:00:00+00:00,1.9267,1.9614,1.9327,1.9437
8,2021-11-01 08:00:00+00:00,1.9485,1.9708,1.9437,1.9545
9,2021-11-01 09:00:00+00:00,1.9772,1.9879,1.9545,1.9772
10,2021-11-01 10:00:00+00:00,1.9813,2.029,1.9772,1.9936
11,2021-11-01 11:00:00+00:00,1.9835,1.9952,1.9936,1.9844
12,2021-11-01 12:00:00+00:00,1.9465,2.0115,1.9844,1.9465
13,2021-11-01 13:00:00+00:00,1.9668,1.9874,1.9465,1.9725
14,2021-11-01 14:00:00+00:00,1.9497,1.9749,1.9725,1.9497
15,2021-11-01 15:00:00+00:00,1.9495,1.9868,1.9497,1.9868
16,2021-11-01 16:00:00+00:00,1.9578,1.9836,1.9868,1.9836
17,2021-11-01 17:00:00+00:00,1.9391,1.9835,1.9836,1.9556
18,2021-11-01 18:00:00+00:00,1.946,1.9794,1.9556,1.946
19,2021-11-01 19:00:00+00:00,1.9382,1.9659,1.946,1.9394
20,2021-11-01 20:00:00+00:00,1.9301,1.9487,1.9394,1.9301
21,2021-11-01 21:00:00+00:00,1.9181,1.9488,1.9301,1.9357
22,2021-11-01 22:00:00+00:00,1.9316,1.9654,1.9357,1.9463
23,2021-11-01 23:00:00+00:00,1.9192,1.9665,1.9463,1.9439
24,2021-11-02 00:00:00+00:00,1.9427,1.9686,1.9439,1.9469
25,2021-11-02 01:00:00+00:00,1.9395,1.9671,1.9469,1.9671
26,2021-11-02 02:00:00+00:00,1.914,1.9742,1.9671,1.9373
27,2021-11-02 03:00:00+00:00,1.9377,1.9437,1.9373,1.9377
28,2021-11-02 04:00:00+00:00,1.9168,1.9593,1.9377,1.9473
29,2021-11-02 05:00:00+00:00,1.9355,1.9759,1.9473,1.9538
30,2021-11-02 06:00:00+00:00,1.9347,1.9518,1.9538,1.9347
31,2021-11-02 07:00:00+00:00,1.9355,1.9646,1.9347,1.9646
32,2021-11-02 08:00:00+00:00,1.9566,1.9899,1.9646,1.9815
33,2021-11-02 09:00:00+00:00,1.9496,1.9764,1.9815,1.9508
34,2021-11-02 10:00:00+00:00,1.9488,1.9571,1.9508,1.9571
35,2021-11-02 11:00:00+00:00,1.9502,1.9817,1.9571,1.9723
36,2021-11-02 12:00:00+00:00,1.9554,1.9747,1.9723,1.9704
37,2021-11-02 13:00:00+00:00,1.9436,1.9738,1.9704,1.9636
38,2021-11-02 14:00:00+00:00,1.9396,2.0121,1.9636,1.9931
39,2021-11-02 15:00:00+00:00,1.9744,1.9907,1.9931,1.9765
40,2021-11-02 16:00:00+00:00,1.9775,2.0209,1.9765,2.0209
41,2021-11-02 17:00:00+00:00,1.9555,2.0139,2.0209,1.9876
42,2021-11-02 18:00:00+00:00,1.9818,1.9924,1.9876,1.9857
43,2021-11-02 19:00:00+00:00,1.9736,2.0055,1.9857,1.9792
44,2021-11-02 20:00:00+00:00,1.961,1.9786,1.9792,1.9774
45,2021-11-02 21:00:00+00:00,1.9657,1.9787,1.9774,1.9667
46,2021-11-02 22:00:00+00:00,1.9414,1.9946,1.9667,1.9629
47,2021-11-02 23:00:00+00:00,1.9616,1.9925,1.9629,1.9616
48,2021-11-03 00:00:00+00:00,1.9565,1.9733,1.9616,1.9733
49,2021-11-03 01:00:00+00:00,1.9604,1.9638,1.9733,1.9638
50,2021-11-03 02:00:00+00:00,1.9581,1.9924,1.9638,1.9623
51,2021-11-03 03:00:00+00:00,1.9352,1.9573,1.9623,1.9573
52,2021-11-03 04:00:00+00:00,1.9275,1.9825,1.9573,1.9275
53,2021-11-03 05:00:00+00:00,1.9549,1.9846,1.9275,1.97
54,2021-11-03 06:00:00+00:00,1.9898,2.0596,1.97,2.0319
55,2021-11-03 07:00:00+00:00,2.0178,2.073,2.0319,2.0666
56,2021-11-03 08:00:00+00:00,2.0666,2.0835,2.0666,2.0835
57,2021-11-03 09:00:00+00:00,2.0788,2.1347,2.0835,2.0895
58,2021-11-03 10:00:00+00:00,2.0778,2.1464,2.0895,2.0926
59,2021-11-03 11:00:00+00:00,2.0978,2.1364,2.0926,2.1323
60,2021-11-03 12:00:00+00:00,2.1097,2.1487,2.1323,2.1188
61,2021-11-03 13:00:00+00:00,2.0366,2.1391,2.1188,2.0579
62,2021-11-03 14:00:00+00:00,2.0427,2.0696,2.0579,2.0427
63,2021-11-03 15:00:00+00:00,2.0297,2.0525,2.0427,2.0499
64,2021-11-03 16:00:00+00:00,2.0347,2.061,2.0499,2.0347
65,2021-11-03 17:00:00+00:00,2.0424,2.0967,2.0347,2.0459
66,2021-11-03 18:00:00+00:00,2.0182,2.0667,2.0459,2.0546
67,2021-11-03 19:00:00+00:00,2.0753,2.1006,2.0546,2.0926
68,2021-11-03 20:00:00+00:00,2.0615,2.0948,2.0926,2.0624
69,2021-11-03 21:00:00+00:00,2.0678,2.1114,2.0624,2.1114
70,2021-11-03 22:00:00+00:00,2.0765,2.1164,2.1114,2.0765
71,2021-11-03 23:00:00+00:00,2.0655,2.0736,2.0765,2.0655
72,2021-11-04 00:00:00+00:00,2.0395,2.0659,2.0655,2.0605
73,2021-11-04 01:00:00+00:00,2.0488,2.0934,2.0605,2.054
74,2021-11-04 02:00:00+00:00,2.0195,2.0736,2.054,2.0507
75,2021-11-04 03:00:00+00:00,2.0439,2.0699,2.0507,2.0699
76,2021-11-04 04:00:00+00:00,2.0095,2.0633,2.0699,2.0103
77,2021-11-04 05:00:00+00:00,2.0215,2.0537,2.0103,2.0527
78,2021-11-04 06:00:00+00:00,2.0346,2.0546,2.0527,2.0546
79,2021-11-04 07:00:00+00:00,2.0158,2.0627,2.0546,2.0476
80,2021-11-04 08:00:00+00:00,1.9982,2.0471,2.0476,2.0396
81,2021-11-04 09:00:00+00:00,1.9849,2.0414,2.0396,2.0087
82,2021-11-04 10:00:00+00:00,2.0101,2.0271,2.0087,2.0271
83,2021-11-04 11:00:00+00:00,2.0212,2.0552,2.0271,2.0344
84,2021-11-04 12:00:00+00:00,2.0132,2.0542,2.0344,2.0132
85,2021-11-04 13:00:00+00:00,2.0098,2.0467,2.0132,2.0236
86,2021-11-04 14:00:00+00:00,2.0177,2.0257,2.0236,2.0178
87,2021-11-04 15:00:00+00:00,1.985,2.0377,2.0178,2.0129
88,2021-11-04 16:00:00+00:00,1.9617,2.0167,2.0129,1.9713
89,2021-11-04 17:00:00+00:00,1.959,1.9916,1.9713,1.9632
90,2021-11-04 18:00:00+00:00,1.9635,1.9806,1.9632,1.9635
91,2021-11-04 19:00:00+00:00,1.9575,2.0118,1.9635,1.97
92,2021-11-04 20:00:00+00:00,1.972,2.0068,1.97,1.9835
93,2021-11-04 21:00:00+00:00,1.9769,1.9859,1.9835,1.9859
94,2021-11-04 22:00:00+00:00,1.9583,1.9868,1.9859,1.9839
95,2021-11-04 23:00:00+00:00,1.979,2.0121,1.9839,1.9848
96,2021-11-05 00:00:00+00:00,1.9805,2.0099,1.9848,1.9805
97,2021-11-05 01:00:00+00:00,1.9551,1.98,1.9805,1.9744
98,2021-11-05 02:00:00+00:00,1.9638,2.0038,1.9744,1.9788
99,2021-11-05 03:00:00+00:00,1.9611,2.0017,1.9788,2.0017
100,2021-11-05 04:00:00+00:00,1.9661,2.0121,2.0017,1.9894
101,2021-11-05 05:00:00+00:00,1.9901,2.0341,1.9894,2.0137
102,2021-11-05 06:00:00+00:00,1.9799,2.0192,2.0137,2.0035
103,2021-11-05 07:00:00+00:00,1.9843,2.0177,2.0035,2.0118
104,2021-11-05 08:00:00+00:00,2.0108,2.0373,2.0118,2.0373
105,2021-11-05 09:00:00+00:00,2.0007,2.0068,2.0373,2.0024
106,2021-11-05 10:00:00+00:00,1.9826,1.9956,2.0024,1.9856
107,2021-11-05 11:00:00+00:00,1.9677,1.9956,1.9856,1.9796
108,2021-11-05 12:00:00+00:00,1.9796,1.9896,1.9796,1.9846
109,2021-11-05 13:00:00+00:00,1.9778,2.0133,1.9846,2.0133
110,2021-11-05 14:00:00+00:00,1.9899,2.0274,2.0133,1.9995
111,2021-11-05 15:00:00+00:00,1.9694,2.0,1.9995,1.9694
112,2021-11-05 16:00:00+00:00,1.9647,1.9764,1.9694,1.9717
113,2021-11-05 17:00:00+00:00,1.9686,2.0048,1.9717,1.9872
114,2021-11-05 18:00:00+00:00,1.9621,2.0158,1.9872,1.9748
115,2021-11-05 19:00:00+00:00,1.9802,1.9929,1.9748,1.9895
116,2021-11-05 20:00:00+00:00,1.9611,2.0157,1.9895,1.9769
117,2021-11-05 21:00:00+00:00,1.9637,1.9928,1.9769,1.9928
118,2021-11-05 22:00:00+00:00,1.9676,1.9725,1.9928,1.9698
119,2021-11-05 23:00:00+00:00,1.9695,1.9901,1.9698,1.9728
120,2021-11-06 00:00:00+00:00,1.9655,1.9767,1.9728,1.9767
121,2021-11-06 01:00:00+00:00,1.9764,2.0241,1.9767,2.0241
122,2021-11-06 02:00:00+00:00,1.9883,2.0191,2.0241,1.9948
123,2021-11-06 03:00:00+00:00,1.9643,2.0112,1.9948,1.9827
124,2021-11-06 04:00:00+00:00,1.9811,2.0292,1.9827,2.0213
125,2021-11-06 05:00:00+00:00,2.0088,2.0384,2.0213,2.0088
126,2021-11-06 06:00:00+00:00,2.0127,2.014,2.0088,2.0138
127,2021-11-06 07:00:00+00:00,1.9915,2.0248,2.0138,2.0112
128,2021-11-06 08:00:00+00:00,1.9761,2.0219,2.0112,1.9914
129,2021-11-06 09:00:00+00:00,1.9721,2.0078,1.9914,1.9957
130,2021-11-06 10:00:00+00:00,1.9926,1.9986,1.9957,1.9986
131,2021-11-06 11:00:00+00:00,1.9601,1.9919,1.9986,1.9774
132,2021-11-06 12:00:00+00:00,1.958,1.9786,1.9774,1.9786
133,2021-11-06 13:00:00+00:00,1.9508,1.9769,1.9786,1.9531
134,2021-11-06 14:00:00+00:00,1.9436,1.9646,1.9531,1.9626
135,2021-11-06 15:00:00+00:00,1.9608,1.9686,1.9626,1.9657
136,2021-11-06 16:00:00+00:00,1.9443,1.9736,1.9657,1.9443
137,2021-11-06 17:00:00+00:00,1.9454,2.0009,1.9443,1.9715
138,2021-11-06 18:00:00+00:00,1.9551,1.9714,1.9715,1.9699
139,2021-11-06 19:00:00+00:00,1.9683,1.9765,1.9699,1.9716
140,2021-11-06 20:00:00+00:00,1.9471,1.9834,1.9716,1.9834
141,2021-11-06 21:00:00+00:00,1.9607,2.0006,1.9834,1.9607
142,2021-11-06 22:00:00+00:00,1.9879,2.0123,1.9607,1.9946
143,2021-11-06 23:00:00+00:00,1.9672,2.0144,1.9946,2.0066
144,2021-11-07 00:00:00+00:00,1.9739,2.0051,2.0066,2.0016
145,2021-11-07 01:00:00+00:00,1.9877,2.0005,2.0016,1.9945
146,2021-11-07 02:00:00+00:00,1.9894,2.0231,1.9945,1.9924
147,2021-11-07 03:00:00+00:00,1.9752,1.9924,1.9924,1.9895
148,2021-11-07 04:00:00+00:00,1.9619,2.015,1.9895,2.015
149,2021-11-07 05:00:00+00:00,1.9613,1.9938,2.015,1.9845
150,2021-11-07 06:00:00+00:00,1.9793,2.0118,1.9845,2.0118
151,2021-11-07 07:00:00+00:00,1.9614,2.0162,2.0118,1.9845
152,2021-11-07 08:00:00+00:00,1.9815,1.9875,1.9845,1.9815
153,2021-11-07 09:00:00+00:00,1.9563,2.0043,1.9815,1.9845
154,2021-11-07 10:00:00+00:00,1.9591,2.0061,1.9845,1.9945
155,2021-11-07 11:00:00+00:00,1.9615,1.9994,1.9945,1.9924
156,2021-11-07 12:00:00+00:00,1.964,1.9932,1.9924,1.9932
157,2021-11-07 13:00:00+00:00,1.989,2.0209,1.9932,1.9939
158,2021-11-07 14:00:00+00:00,1.9898,2.0092,1.9939,1.9958
159,2021-11-07 15:00:00+00:00,1.9869,2.0157,1.9958,2.0125
160,2021-11-07 16:00:00+00:00,1.9802,2.0413,2.0125,2.0328
161,2021-11-07 17:00:00+00:00,2.0197,2.0258,2.0328,2.0197
162,2021-11-07 18:00:00+00:00,1.9956,2.0485,2.0197,2.0118
163,2021-11-07 19:00:00+00:00,2.0083,2.0464,2.0118,2.0176
164,2021-11-07 20:00:00+00:00,1.9816,2.0434,2.0176,2.0087
165,2021-11-07 21:00:00+00:00,2.0029,2.0375,2.0087,2.0124
166,2021-11-07 22:00:00+00:00,2.0033,2.0337,2.0124,2.0337
167,2021-11-07 23:00:00+00:00,2.0154,2.0229,2.0337,2.0186
168,2021-11-08 00:00:00+00:00,2.0142,2.0207,2.0186,2.0207
169,2021-11-08 01:00:00+00:00,2.0119,2.0731,2.0207,2.0456
170,2021-11-08 02:00:00+00:00,2.0468,2.0538,2.0456,2.0477
171,2021-11-08 03:00:00+00:00,2.0243,2.0707,2.0477,2.0446
172,2021-11-08 04:00:00+00:00,2.0387,2.0655,2.0446,2.0426
173,2021-11-08 05:00:00+00:00,2.0219,2.052,2.0426,2.0412
174,2021-11-08 06:00:00+00:00,2.0185,2.07,2.0412,2.0458
175,2021-11-08 07:00:00+00:00,2.035,2.0729,2.0458,2.0549
176,2021-11-08 08:00:00+00:00,2.0387,2.081,2.0549,2.0397
177,2021-11-08 09:00:00+00:00,2.0047,2.0413,2.0397,2.0308
178,2021-11-08 10:00:00+00:00,2.0263,2.0462,2.0308,2.0327
179,2021-11-08 11:00:00+00:00,2.0033,2.0418,2.0327,2.0355
180,2021-11-08 12:00:00+00:00,2.0094,2.0665,2.0355,2.0383
181,2021-11-08 13:00:00+00:00,2.035,2.0477,2.0383,2.035
182,2021-11-08 14:00:00+00:00,2.0033,2.044,2.035,2.0033
183,2021-11-08 15:00:00+00:00,2.0033,2.0327,2.0033,2.0308
184,2021-11-08 16:00:00+00:00,2.0293,2.0438,2.0308,2.0438
185,2021-11-08 17:00:00+00:00,2.0378,2.054,2.0438,2.0519
186,2021-11-08 18:00:00+00:00,2.0493,2.1007,2.0519,2.0958
187,2021-11-08 19:00:00+00:00,2.0932,2.129,2.0958,2.1109
188,2021-11-08 20:00:00+00:00,2.0788,2.1302,2.1109,2.1233
189,2021-11-08 21:00:00+00:00,2.0836,2.1288,2.1233,2.0999
190,2021-11-08 22:00:00+00:00,2.1027,2.1298,2.0999,2.1086
191,2021-11-08 23:00:00+00:00,2.1057,2.1375,2.1086,2.1118
192,2021-11-09 00:00:00+00:00,2.095,2.1287,2.1118,2.1258
193,2021-11-09 01:00:00+00:00,2.0928,2.1841,2.1258,2.1841
194,2021-11-09 02:00:00+00:00,2.0933,2.1528,2.1841,2.1135
195,2021-11-09 03:00:00+00:00,2.1144,2.1455,2.1135,2.1455
196,2021-11-09 04:00:00+00:00,2.1355,2.1719,2.1455,2.1547
197,2021-11-09 05:00:00+00:00,2.1232,2.1956,2.1547,2.1742
198,2021-11-09 06:00:00+00:00,2.1537,2.214,2.1742,2.214
199,2021-11-09 07:00:00+00:00,2.1447,2.1916,2.214,2.1547
200,2021-11-09 08:00:00+00:00,2.1859,2.2442,2.1547,2.2434
201,2021-11-09 09:00:00+00:00,2.2431,2.2967,2.2434,2.2901
202,2021-11-09 10:00:00+00:00,2.2531,2.2785,2.2901,2.2598
203,2021-11-09 11:00:00+00:00,2.2372,2.2936,2.2598,2.2704
204,2021-11-09 12:00:00+00:00,2.2711,2.3379,2.2704,2.3148
205,2021-11-09 13:00:00+00:00,2.2504,2.3321,2.3148,2.2781
206,2021-11-09 14:00:00+00:00,2.2845,2.3425,2.2781,2.3425
207,2021-11-09 15:00:00+00:00,2.3108,2.3711,2.3425,2.3484
208,2021-11-09 16:00:00+00:00,2.2754,2.3201,2.3484,2.2754
209,2021-11-09 17:00:00+00:00,2.2443,2.2967,2.2754,2.2619
210,2021-11-09 18:00:00+00:00,2.2115,2.2927,2.2619,2.2865
211,2021-11-09 19:00:00+00:00,2.2572,2.3354,2.2865,2.2848
212,2021-11-09 20:00:00+00:00,2.2442,2.3462,2.2848,2.3167
213,2021-11-09 21:00:00+00:00,2.2799,2.3417,2.3167,2.3417
214,2021-11-09 22:00:00+00:00,2.2796,2.3074,2.3417,2.2891
215,2021-11-09 23:00:00+00:00,2.2711,2.3367,2.2891,2.303
216,2021-11-10 00:00:00+00:00,2.2683,2.3034,2.303,2.2683
217,2021-11-10 01:00:00+00:00,2.2422,2.3439,2.2683,2.277
218,2021-11-10 02:00:00+00:00,2.2366,2.2996,2.277,2.237
219,2021-11-10 03:00:00+00:00,2.2069,2.2465,2.237,2.2069
220,2021-11-10 04:00:00+00:00,2.1759,2.244,2.2069,2.1759
221,2021-11-10 05:00:00+00:00,2.1993,2.235,2.1759,2.235
222,2021-11-10 06:00:00+00:00,2.2134,2.2373,2.235,2.2373
223,2021-11-10 07:00:00+00:00,2.2109,2.2443,2.2373,2.2337
224,2021-11-10 08:00:00+00:00,2.2062,2.2736,2.2337,2.2237
225,2021-11-10 09:00:00+00:00,2.1973,2.2575,2.2237,2.2049
226,2021-11-10 10:00:00+00:00,2.2253,2.2585,2.2049,2.2325
227,2021-11-10 11:00:00+00:00,2.2069,2.2673,2.2325,2.2332
228,2021-11-10 12:00:00+00:00,2.234,2.2715,2.2332,2.2356
229,2021-11-10 13:00:00+00:00,2.1993,2.231,2.2356,2.2095
230,2021-11-10 14:00:00+00:00,2.1845,2.2676,2.2095,2.2676
231,2021-11-10 15:00:00+00:00,2.2508,2.2868,2.2676,2.2508
232,2021-11-10 16:00:00+00:00,2.2596,2.2684,2.2508,2.2605
233,2021-11-10 17:00:00+00:00,2.2595,2.2937,2.2605,2.2666
234,2021-11-10 18:00:00+00:00,2.2356,2.2923,2.2666,2.2534
235,2021-11-10 19:00:00+00:00,2.2219,2.2754,2.2534,2.2219
236,2021-11-10 20:00:00+00:00,2.2005,2.2614,2.2219,2.2005
237,2021-11-10 21:00:00+00:00,2.0979,2.2018,2.2005,2.0979
238,2021-11-10 22:00:00+00:00,2.0033,2.1243,2.0979,2.0585
239,2021-11-10 23:00:00+00:00,2.0641,2.1011,2.0585,2.0947
240,2021-11-11 00:00:00+00:00,2.0753,2.1253,2.0947,2.0753
241,2021-11-11 01:00:00+00:00,2.0676,2.1126,2.0753,2.1126
242,2021-11-11 02:00:00+00:00,2.055,2.1108,2.1126,2.055
243,2021-11-11 03:00:00+00:00,2.0616,2.0803,2.055,2.0648
244,2021-11-11 04:00:00+00:00,2.0775,2.1077,2.0648,2.0775
245,2021-11-11 05:00:00+00:00,2.0613,2.0987,2.0775,2.0881
246,2021-11-11 06:00:00+00:00,2.099,2.1294,2.0881,2.1006
247,2021-11-11 07:00:00+00:00,2.0798,2.1344,2.1006,2.1344
248,2021-11-11 08:00:00+00:00,2.0917,2.1606,2.1344,2.1425
249,2021-11-11 09:00:00+00:00,2.0962,2.1317,2.1425,2.1266
250,2021-11-11 10:00:00+00:00,2.1001,2.1501,2.1266,2.1434
251,2021-11-11 11:00:00+00:00,2.1216,2.1701,2.1434,2.1257
252,2021-11-11 12:00:00+00:00,2.1156,2.1474,2.1257,2.1244
253,2021-11-11 13:00:00+00:00,2.0931,2.1319,2.1244,2.0998
254,2021-11-11 14:00:00+00:00,2.0641,2.1237,2.0998,2.0983
255,2021-11-11 15:00:00+00:00,2.0838,2.136,2.0983,2.1033
256,2021-11-11 16:00:00+00:00,2.0493,2.0926,2.1033,2.0493
257,2021-11-11 17:00:00+00:00,2.0511,2.1265,2.0493,2.1006
258,2021-11-11 18:00:00+00:00,2.0896,2.1306,2.1006,2.1213
259,2021-11-11 19:00:00+00:00,2.059,2.095,2.1213,2.0865
260,2021-11-11 20:00:00+00:00,2.0833,2.0904,2.0865,2.0833
261,2021-11-11 21:00:00+00:00,2.0812,2.1156,2.0833,2.0812
262,2021-11-11 22:00:00+00:00,2.0816,2.0975,2.0812,2.0972
263,2021-11-11 23:00:00+00:00,2.0688,2.1169,2.0972,2.1068
264,2021-11-12 00:00:00+00:00,2.0798,2.1317,2.1068,2.0803
265,2021-11-12 01:00:00+00:00,2.0809,2.0855,2.0803,2.084
266,2021-11-12 02:00:00+00:00,2.0535,2.1081,2.084,2.0833
267,2021-11-12 03:00:00+00:00,2.0822,2.1206,2.0833,2.0915
268,2021-11-12 04:00:00+00:00,2.0653,2.0909,2.0915,2.0816
269,2021-11-12 05:00:00+00:00,2.0746,2.0946,2.0816,2.0876
270,2021-11-12 06:00:00+00:00,2.0717,2.0818,2.0876,2.0717
271,2021-11-12 07:00:00+00:00,2.0608,2.0776,2.0717,2.0608
272,2021-11-12 08:00:00+00:00,2.0387,2.0583,2.0608,2.0548
273,2021-11-12 09:00:00+00:00,2.0391,2.0849,2.0548,2.0391
274,2021-11-12 10:00:00+00:00,2.0215,2.0959,2.0391,2.0215
275,2021-11-12 11:00:00+00:00,2.0184,2.0492,2.0215,2.0188
276,2021-11-12 12:00:00+00:00,2.0145,2.025,2.0188,2.0177
277,2021-11-12 13:00:00+00:00,2.0033,2.0337,2.0177,2.0205
278,2021-11-12 14:00:00+00:00,2.0086,2.0318,2.0205,2.0309
279,2021-11-12 15:00:00+00:00,2.0285,2.0609,2.0309,2.0285
280,2021-11-12 16:00:00+00:00,2.0033,2.026,2.0285,2.0186
281,2021-11-12 17:00:00+00:00,2.0033,2.0504,2.0186,2.0189
282,2021-11-12 18:00:00+00:00,2.0216,2.0556,2.0189,2.0345
283,2021-11-12 19:00:00+00:00,2.0367,2.08,2.0345,2.08
284,2021-11-12 20:00:00+00:00,2.0376,2.0422,2.08,2.0422
285,2021-11-12 21:00:00+00:00,2.0508,2.0769,2.0422,2.0595
286,2021-11-12 22:00:00+00:00,2.042,2.0979,2.0595,2.042
287,2021-11-12 23:00:00+00:00,2.0352,2.0667,2.042,2.0467
288,2021-11-13 00:00:00+00:00,2.0208,2.0527,2.0467,2.0436
289,2021-11-13 01:00:00+00:00,2.0479,2.074,2.0436,2.0675
290,2021-11-13 02:00:00+00:00,2.0525,2.0543,2.0675,2.0525
291,2021-11-13 03:00:00+00:00,2.0085,2.0633,2.0525,2.0343
292,2021-11-13 04:00:00+00:00,2.0033,2.0472,2.0343,2.0033
293,2021-11-13 05:00:00+00:00,2.0399,2.0709,2.0033,2.0479
294,2021-11-13 06:00:00+00:00,2.0156,2.0523,2.0479,2.0468
295,2021-11-13 07:00:00+00:00,2.0465,2.0798,2.0468,2.0648
296,2021-11-13 08:00:00+00:00,2.0633,2.0773,2.0648,2.0773
297,2021-11-13 09:00:00+00:00,2.042,2.0716,2.0773,2.0603
298,2021-11-13 10:00:00+00:00,2.021,2.0588,2.0603,2.035
299,2021-11-13 11:00:00+00:00,2.0033,2.0739,2.035,2.0509
300,2021-11-13 12:00:00+00:00,2.0033,2.0756,2.0509,2.0362
301,2021-11-13 13:00:00+00:00,2.0033,2.0528,2.0362,2.0528
302,2021-11-13 14:00:00+00:00,2.0033,2.0329,2.0528,2.03
303,2021-11-13 15:00:00+00:00,2.0361,2.087,2.03,2.0625
304,2021-11-13 16:00:00+00:00,2.0608,2.0942,2.0625,2.0608
305,2021-11-13 17:00:00+00:00,2.0471,2.0931,2.0608,2.0657
306,2021-11-13 18:00:00+00:00,2.0625,2.091,2.0657,2.0625
307,2021-11-13 19:00:00+00:00,2.0625,2.0791,2.0625,2.0625
308,2021-11-13 20:00:00+00:00,2.0625,2.0725,2.0625,2.0625
309,2021-11-13 21:00:00+00:00,2.0625,2.0731,2.0625,2.0625
310,2021-11-13 22:00:00+00:00,2.0625,2.0759,2.0625,2.0625
311,2021-11-13 23:00:00+00:00,2.0625,2.0769,2.0625,2.0625
312,2021-11-14 00:00:00+00:00,2.0625,2.0772,2.0625,2.0625
313,2021-11-14 01:00:00+00:00,2.0625,2.0676,2.0625,2.0625
314,2021-11-14 02:00:00+00:00,2.0625,2.0779,2.0625,2.0625
315,2021-11-14 03:00:00+00:00,2.0625,2.086,2.0625,2.0625
316,2021-11-14 04:00:00+00:00,2.0625,2.0897,2.0625,2.0676
317,2021-11-14 05:00:00+00:00,2.0625,2.0689,2.0676,2.0625
318,2021-11-14 06:00:00+00:00,2.0625,2.0707,2.0625,2.0625
319,2021-11-14 07:00:00+00:00,2.0625,2.069,2.0625,2.0625
320,2021-11-14 08:00:00+00:00,2.0625,2.0689,2.0625,2.0625
321,2021-11-14 09:00:00+00:00,2.0625,2.0639,2.0625,2.0625
322,2021-11-14 10:00:00+00:00,2.0625,2.0625,2.0625,2.0625
323,2021-11-14 11:00:00+00:00,2.0625,2.0686,2.0625,2.0625
324,2021-11-14 12:00:00+00:00,2.0625,2.0716,2.0625,2.0625
325,2021-11-14 13:00:00+00:00,2.0625,2.076,2.0625,2.0625
326,2021-11-14 14:00:00+00:00,2.0625,2.0724,2.0625,2.0625
327,2021-11-14 15:00:00+00:00,2.0625,2.0699,2.0625,2.0625
328,2021-11-14 16:00:00+00:00,2.0625,2.0625,2.0625,2.0625
329,2021-11-14 17:00:00+00:00,2.0625,2.0625,2.0625,2.0625
330,2021-11-14 18:00:00+00:00,2.0033,2.0625,2.0625,2.0254
331,2021-11-14 19:00:00+00:00,2.004,2.0555,2.0254,2.0237
332,2021-11-14 20:00:00+00:00,1.9927,2.0526,2.0237,2.0276
333,2021-11-14 21:00:00+00:00,2.0267,2.0527,2.0276,2.0527
334,2021-11-14 22:00:00+00:00,2.0132,2.0616,2.0527,2.041
335,2021-11-14 23:00:00+00:00,2.0127,2.0417,2.041,2.0127
336,2021-11-15 00:00:00+00:00,2.0025,2.0436,2.0127,2.0145
337,2021-11-15 01:00:00+00:00,2.0565,2.0645,2.0145,2.0605
338,2021-11-15 02:00:00+00:00,2.0338,2.0619,2.0605,2.0568
339,2021-11-15 03:00:00+00:00,2.0215,2.0575,2.0568,2.053
340,2021-11-15 04:00:00+00:00,2.0417,2.0758,2.053,2.0758
341,2021-11-15 05:00:00+00:00,2.0319,2.0803,2.0758,2.0496
342,2021-11-15 06:00:00+00:00,2.0262,2.0852,2.0496,2.0587
343,2021-11-15 07:00:00+00:00,2.0265,2.0561,2.0587,2.0561
344,2021-11-15 08:00:00+00:00,2.0322,2.0861,2.0561,2.058
345,2021-11-15 09:00:00+00:00,2.0465,2.0579,2.058,2.0579
346,2021-11-15 10:00:00+00:00,2.0586,2.091,2.0579,2.0627
347,2021-11-15 11:00:00+00:00,2.0686,2.0903,2.0627,2.0833
348,2021-11-15 12:00:00+00:00,2.0556,2.0877,2.0833,2.0788
349,2021-11-15 13:00:00+00:00,2.0609,2.0849,2.0788,2.0618
350,2021-11-15 14:00:00+00:00,2.0306,2.0706,2.0618,2.0306
351,2021-11-15 15:00:00+00:00,2.0459,2.0803,2.0306,2.0485
352,2021-11-15 16:00:00+00:00,2.0106,2.0708,2.0485,2.0646
353,2021-11-15 17:00:00+00:00,2.0048,2.0599,2.0646,2.0554
354,2021-11-15 18:00:00+00:00,2.0307,2.0618,2.0554,2.0359
355,2021-11-15 19:00:00+00:00,2.0155,2.0348,2.0359,2.0155
356,2021-11-15 20:00:00+00:00,2.0037,2.0597,2.0155,2.0037
357,2021-11-15 21:00:00+00:00,2.0219,2.0307,2.0037,2.0268
358,2021-11-15 22:00:00+00:00,2.0229,2.0558,2.0268,2.0288
359,2021-11-15 23:00:00+00:00,2.0218,2.0279,2.0288,2.0279
360,2021-11-16 00:00:00+00:00,2.0161,2.0295,2.0279,2.0226
361,2021-11-16 01:00:00+00:00,1.9805,2.0136,2.0226,1.9807
362,2021-11-16 02:00:00+00:00,1.9329,1.9655,1.9807,1.9655
363,2021-11-16 03:00:00+00:00,1.9546,1.9795,1.9655,1.9795
364,2021-11-16 04:00:00+00:00,1.9076,1.9774,1.9795,1.9076
365,2021-11-16 05:00:00+00:00,1.9042,1.9497,1.9076,1.9497
366,2021-11-16 06:00:00+00:00,1.9288,1.9725,1.9497,1.9439
367,2021-11-16 07:00:00+00:00,1.9297,1.9677,1.9439,1.9677
368,2021-11-16 08:00:00+00:00,1.9321,1.9487,1.9677,1.9321
369,2021-11-16 09:00:00+00:00,1.9399,1.9669,1.9321,1.9607
370,2021-11-16 10:00:00+00:00,1.9227,1.9518,1.9607,1.9265
371,2021-11-16 11:00:00+00:00,1.7923,1.95,1.9265,1.8916
372,2021-11-16 12:00:00+00:00,1.8835,1.8986,1.8916,1.8966
373,2021-11-16 13:00:00+00:00,1.8547,1.903,1.8966,1.8547
374,2021-11-16 14:00:00+00:00,1.8508,1.8997,1.8547,1.8997
375,2021-11-16 15:00:00+00:00,1.9086,1.9444,1.8997,1.9339
376,2021-11-16 16:00:00+00:00,1.9126,1.9313,1.9339,1.9144
377,2021-11-16 17:00:00+00:00,1.9021,1.9543,1.9144,1.9268
378,2021-11-16 18:00:00+00:00,1.9148,1.9245,1.9268,1.9148
379,2021-11-16 19:00:00+00:00,1.8731,1.946,1.9148,1.8965
380,2021-11-16 20:00:00+00:00,1.8792,1.9199,1.8965,1.907
381,2021-11-16 21:00:00+00:00,1.8571,1.8946,1.907,1.8593
382,2021-11-16 22:00:00+00:00,1.8724,1.9036,1.8593,1.8977
383,2021-11-16 23:00:00+00:00,1.8725,1.9028,1.8977,1.8969
384,2021-11-17 00:00:00+00:00,1.8688,1.8945,1.8969,1.8867
385,2021-11-17 01:00:00+00:00,1.8569,1.8894,1.8867,1.8629
386,2021-11-17 02:00:00+00:00,1.8633,1.9118,1.8629,1.9118
387,2021-11-17 03:00:00+00:00,1.8159,1.8772,1.9118,1.8159
388,2021-11-17 04:00:00+00:00,1.8164,1.8526,1.8159,1.8474
389,2021-11-17 05:00:00+00:00,1.8105,1.8488,1.8474,1.8105
390,2021-11-17 06:00:00+00:00,1.8401,1.8711,1.8105,1.8421
391,2021-11-17 07:00:00+00:00,1.8134,1.8456,1.8421,1.8134
392,2021-11-17 08:00:00+00:00,1.8055,1.8529,1.8134,1.8292
393,2021-11-17 09:00:00+00:00,1.8396,1.8579,1.8292,1.8396
394,2021-11-17 10:00:00+00:00,1.8046,1.8314,1.8396,1.8046
395,2021-11-17 11:00:00+00:00,1.7957,1.8358,1.8046,1.8347
396,2021-11-17 12:00:00+00:00,1.8303,1.8983,1.8347,1.8786
397,2021-11-17 13:00:00+00:00,1.8691,1.9089,1.8786,1.8838
398,2021-11-17 14:00:00+00:00,1.8741,1.8836,1.8838,1.8741
399,2021-11-17 15:00:00+00:00,1.8516,1.8996,1.8741,1.8516
400,2021-11-17 16:00:00+00:00,1.8374,1.8575,1.8516,1.8575
401,2021-11-17 17:00:00+00:00,1.8495,1.8816,1.8575,1.8816
402,2021-11-17 18:00:00+00:00,1.8675,1.9007,1.8816,1.8728
403,2021-11-17 19:00:00+00:00,1.8718,1.8807,1.8728,1.8718
404,2021-11-17 20:00:00+00:00,1.8656,1.8996,1.8718,1.8902
405,2021-11-17 21:00:00+00:00,1.8441,1.8894,1.8902,1.8757
406,2021-11-17 22:00:00+00:00,1.8303,1.8689,1.8757,1.8596
407,2021-11-17 23:00:00+00:00,1.8497,1.8599,1.8596,1.8596
408,2021-11-18 00:00:00+00:00,1.8369,1.8769,1.8596,1.8626
409,2021-11-18 01:00:00+00:00,1.8519,1.9115,1.8626,1.8874
410,2021-11-18 02:00:00+00:00,1.8827,1.8989,1.8874,1.8965
411,2021-11-18 03:00:00+00:00,1.8674,1.8995,1.8965,1.8977
412,2021-11-18 04:00:00+00:00,1.8722,1.9044,1.8977,1.8937
413,2021-11-18 05:00:00+00:00,1.85,1.8829,1.8937,1.8728
414,2021-11-18 06:00:00+00:00,1.866,1.8976,1.8728,1.8668
415,2021-11-18 07:00:00+00:00,1.8549,1.8655,1.8668,1.8549
416,2021-11-18 08:00:00+00:00,1.8203,1.8664,1.8549,1.8517
417,2021-11-18 09:00:00+00:00,1.8183,1.8738,1.8517,1.8409
418,2021-11-18 10:00:00+00:00,1.8299,1.8357,1.8409,1.8317
419,2021-11-18 11:00:00+00:00,1.815,1.8485,1.8317,1.8485
420,2021-11-18 12:00:00+00:00,1.8215,1.8537,1.8485,1.8215
421,2021-11-18 13:00:00+00:00,1.818,1.8361,1.8215,1.818
422,2021-11-18 14:00:00+00:00,1.8049,1.8498,1.818,1.8411
423,2021-11-18 15:00:00+00:00,1.7969,1.8398,1.8411,1.8109
424,2021-11-18 16:00:00+00:00,1.7817,1.8116,1.8109,1.7856
425,2021-11-18 17:00:00+00:00,1.7568,1.7984,1.7856,1.7568
426,2021-11-18 18:00:00+00:00,1.669,1.7922,1.7568,1.7522
427,2021-11-18 19:00:00+00:00,1.7387,1.802,1.7522,1.7788
428,2021-11-18 20:00:00+00:00,1.7662,1.8358,1.7788,1.7956
429,2021-11-18 21:00:00+00:00,1.7693,1.8387,1.7956,1.7741
430,2021-11-18 22:00:00+00:00,1.7603,1.7741,1.7741,1.7603
431,2021-11-18 23:00:00+00:00,1.736,1.7603,1.7603,1.736
432,2021-11-19 00:00:00+00:00,1.7346,1.736,1.736,1.7346
433,2021-11-19 01:00:00+00:00,1.7346,1.7346,1.7346,1.7346
434,2021-11-19 02:00:00+00:00,1.7346,1.7346,1.7346,1.7346
435,2021-11-19 03:00:00+00:00,1.7346,1.7835,1.7346,1.7565
436,2021-11-19 04:00:00+00:00,1.7594,1.7658,1.7565,1.7658
437,2021-11-19 05:00:00+00:00,1.7786,1.7857,1.7658,1.7857
438,2021-11-19 06:00:00+00:00,1.7802,1.8074,1.7857,1.8038
439,2021-11-19 07:00:00+00:00,1.8048,1.8048,1.8038,1.8048
440,2021-11-19 08:00:00+00:00,1.767,1.8006,1.8048,1.787
441,2021-11-19 09:00:00+00:00,1.8025,1.8528,1.787,1.8179
442,2021-11-19 10:00:00+00:00,1.8167,1.8293,1.8179,1.8167
443,2021-11-19 11:00:00+00:00,1.8085,1.8134,1.8167,1.8133
444,2021-11-19 12:00:00+00:00,1.8052,1.8129,1.8133,1.8094
445,2021-11-19 13:00:00+00:00,1.7916,1.8461,1.8094,1.8306
446,2021-11-19 14:00:00+00:00,1.8428,1.8564,1.8306,1.8538
447,2021-11-19 15:00:00+00:00,1.8412,1.8667,1.8538,1.8412
448,2021-11-19 16:00:00+00:00,1.851,1.8729,1.8412,1.8729
449,2021-11-19 17:00:00+00:00,1.8644,1.8714,1.8729,1.8696
450,2021-11-19 18:00:00+00:00,1.8775,1.8867,1.8696,1.8775
451,2021-11-19 19:00:00+00:00,1.8418,1.8798,1.8775,1.8418
452,2021-11-19 20:00:00+00:00,1.8625,1.8705,1.8418,1.8625
453,2021-11-19 21:00:00+00:00,1.8496,1.8946,1.8625,1.8496
454,2021-11-19 22:00:00+00:00,1.8596,1.8645,1.8496,1.8596
455,2021-11-19 23:00:00+00:00,1.8427,1.8828,1.8596,1.8639
456,2021-11-20 00:00:00+00:00,1.8358,1.8864,1.8639,1.8645
457,2021-11-20 01:00:00+00:00,1.8676,1.8947,1.8645,1.8854
458,2021-11-20 02:00:00+00:00,1.8593,1.9169,1.8854,1.8886
459,2021-11-20 03:00:00+00:00,1.8778,1.9119,1.8886,1.8814
460,2021-11-20 04:00:00+00:00,1.8517,1.8939,1.8814,1.8724
461,2021-11-20 05:00:00+00:00,1.8646,1.8996,1.8724,1.8727
462,2021-11-20 06:00:00+00:00,1.8708,1.879,1.8727,1.8708
463,2021-11-20 07:00:00+00:00,1.8638,1.8853,1.8708,1.8677
464,2021-11-20 08:00:00+00:00,1.8371,1.8822,1.8677,1.8781
465,2021-11-20 09:00:00+00:00,1.859,1.8901,1.8781,1.8678
466,2021-11-20 10:00:00+00:00,1.8458,1.9003,1.8678,1.8735
467,2021-11-20 11:00:00+00:00,1.8674,1.8747,1.8735,1.8704
468,2021-11-20 12:00:00+00:00,1.8724,1.9276,1.8704,1.9264
469,2021-11-20 13:00:00+00:00,1.9258,1.9526,1.9264,1.9526
470,2021-11-20 14:00:00+00:00,1.899,1.938,1.9526,1.9154
471,2021-11-20 15:00:00+00:00,1.9087,1.9247,1.9154,1.9087
472,2021-11-20 16:00:00+00:00,1.8516,1.9117,1.9087,1.8686
473,2021-11-20 17:00:00+00:00,1.8448,1.8894,1.8686,1.8624
474,2021-11-20 18:00:00+00:00,1.8516,1.8796,1.8624,1.8766
475,2021-11-20 19:00:00+00:00,1.8753,1.9305,1.8766,1.9186
476,2021-11-20 20:00:00+00:00,1.8793,1.9309,1.9186,1.9014
477,2021-11-20 21:00:00+00:00,1.9019,1.9283,1.9014,1.9075
478,2021-11-20 22:00:00+00:00,1.9078,1.9078,1.9075,1.9078
479,2021-11-20 23:00:00+00:00,1.9048,1.9116,1.9078,1.9116
480,2021-11-21 00:00:00+00:00,1.9122,1.942,1.9116,1.9155
481,2021-11-21 01:00:00+00:00,1.882,1.9156,1.9155,1.9007
482,2021-11-21 02:00:00+00:00,1.8784,1.9055,1.9007,1.8997
483,2021-11-21 03:00:00+00:00,1.8809,1.9094,1.8997,1.9094
484,2021-11-21 04:00:00+00:00,1.8837,1.8886,1.9094,1.8837
485,2021-11-21 05:00:00+00:00,1.8518,1.8827,1.8837,1.8518
486,2021-11-21 06:00:00+00:00,1.8567,1.9109,1.8518,1.8879
487,2021-11-21 07:00:00+00:00,1.855,1.9105,1.8879,1.881
488,2021-11-21 08:00:00+00:00,1.8507,1.8972,1.881,1.8507
489,2021-11-21 09:00:00+00:00,1.8756,1.8756,1.8507,1.8756
490,2021-11-21 10:00:00+00:00,1.8459,1.8942,1.8756,1.8942
491,2021-11-21 11:00:00+00:00,1.8435,1.8922,1.8942,1.8435
492,2021-11-21 12:00:00+00:00,1.8399,1.8707,1.8435,1.8707
493,2021-11-21 13:00:00+00:00,1.8717,1.8769,1.8707,1.8717
494,2021-11-21 14:00:00+00:00,1.8449,1.8739,1.8717,1.8643
495,2021-11-21 15:00:00+00:00,1.8537,1.8677,1.8643,1.8677
496,2021-11-21 16:00:00+00:00,1.8428,1.9046,1.8677,1.879
497,2021-11-21 17:00:00+00:00,1.8687,1.8815,1.879,1.8687
498,2021-11-21 18:00:00+00:00,1.8567,1.8807,1.8687,1.8725
499,2021-11-21 19:00:00+00:00,1.8667,1.8686,1.8725,1.8685
500,2021-11-21 20:00:00+00:00,1.8406,1.8675,1.8685,1.8604
501,2021-11-21 21:00:00+00:00,1.864,1.8926,1.8604,1.8642
502,2021-11-21 22:00:00+00:00,1.8657,1.8984,1.8642,1.8707
503,2021-11-21 23:00:00+00:00,1.8605,1.8739,1.8707,1.8605
504,2021-11-22 00:00:00+00:00,1.826,1.8595,1.8605,1.8508
505,2021-11-22 01:00:00+00:00,1.8173,1.8335,1.8508,1.8173
506,2021-11-22 02:00:00+00:00,1.7922,1.8195,1.8173,1.8124
507,2021-11-22 03:00:00+00:00,1.7766,1.8108,1.8124,1.8066
508,2021-11-22 04:00:00+00:00,1.7806,1.8164,1.8066,1.7942
509,2021-11-22 05:00:00+00:00,1.7672,1.7945,1.7942,1.7945
510,2021-11-22 06:00:00+00:00,1.7916,1.8186,1.7945,1.7958
511,2021-11-22 07:00:00+00:00,1.7671,1.8116,1.7958,1.8116
512,2021-11-22 08:00:00+00:00,1.777,1.8007,1.8116,1.7977
513,2021-11-22 09:00:00+00:00,1.8005,1.8077,1.7977,1.8014
514,2021-11-22 10:00:00+00:00,1.8064,1.8235,1.8014,1.8106
515,2021-11-22 11:00:00+00:00,1.7878,1.8264,1.8106,1.8197
516,2021-11-22 12:00:00+00:00,1.8024,1.8156,1.8197,1.8024
517,2021-11-22 13:00:00+00:00,1.8018,1.8128,1.8024,1.807
518,2021-11-22 14:00:00+00:00,1.7849,1.828,1.807,1.8206
519,2021-11-22 15:00:00+00:00,1.7878,1.8208,1.8206,1.8056
520,2021-11-22 16:00:00+00:00,1.7807,1.8222,1.8056,1.7999
521,2021-11-22 17:00:00+00:00,1.7986,1.8285,1.7999,1.8022
522,2021-11-22 18:00:00+00:00,1.7938,1.8023,1.8022,1.7986
523,2021-11-22 19:00:00+00:00,1.7617,1.8125,1.7986,1.7846
524,2021-11-22 20:00:00+00:00,1.7605,1.783,1.7846,1.7616
525,2021-11-22 21:00:00+00:00,1.7676,1.7929,1.7616,1.7711
526,2021-11-22 22:00:00+00:00,1.7648,1.7821,1.7711,1.777
527,2021-11-22 23:00:00+00:00,1.7747,1.7828,1.777,1.7828
528,2021-11-23 00:00:00+00:00,1.7528,1.8033,1.7828,1.7801
529,2021-11-23 01:00:00+00:00,1.7531,1.8052,1.7801,1.7876
530,2021-11-23 02:00:00+00:00,1.7836,1.809,1.7876,1.7932
531,2021-11-23 03:00:00+00:00,1.7844,1.7944,1.7932,1.7874
532,2021-11-23 04:00:00+00:00,1.7913,1.8013,1.7874,1.8013
533,2021-11-23 05:00:00+00:00,1.8054,1.8165,1.8013,1.8107
534,2021-11-23 06:00:00+00:00,1.8009,1.8126,1.8107,1.8009
535,2021-11-23 07:00:00+00:00,1.7917,1.8094,1.8009,1.8094
536,2021-11-23 08:00:00+00:00,1.7541,1.7834,1.8094,1.7768
537,2021-11-23 09:00:00+00:00,1.7463,1.7796,1.7768,1.7796
538,2021-11-23 10:00:00+00:00,1.7719,1.7862,1.7796,1.7788
539,2021-11-23 11:00:00+00:00,1.7628,1.7986,1.7788,1.7936
540,2021-11-23 12:00:00+00:00,1.7431,1.7928,1.7936,1.7431
541,2021-11-23 13:00:00+00:00,1.7641,1.7736,1.7431,1.7683
542,2021-11-23 14:00:00+00:00,1.7719,1.8001,1.7683,1.7731
543,2021-11-23 15:00:00+00:00,1.7739,1.8024,1.7731,1.7808
544,2021-11-23 16:00:00+00:00,1.7818,1.8147,1.7808,1.7818
545,2021-11-23 17:00:00+00:00,1.7824,1.7914,1.7818,1.7914
546,2021-11-23 18:00:00+00:00,1.7617,1.8132,1.7914,1.7835
547,2021-11-23 19:00:00+00:00,1.7589,1.7835,1.7835,1.7589
548,2021-11-23 20:00:00+00:00,1.7762,1.799,1.7589,1.7826
549,2021-11-23 21:00:00+00:00,1.7562,1.7985,1.7826,1.7717
550,2021-11-23 22:00:00+00:00,1.7616,1.7811,1.7717,1.7616
551,2021-11-23 23:00:00+00:00,1.7565,1.7709,1.7616,1.7709
552,2021-11-24 00:00:00+00:00,1.7465,1.7751,1.7709,1.7659
553,2021-11-24 01:00:00+00:00,1.7225,1.7677,1.7659,1.7677
554,2021-11-24 02:00:00+00:00,1.7021,1.7447,1.7677,1.7169
555,2021-11-24 03:00:00+00:00,1.6845,1.728,1.7169,1.6845
556,2021-11-24 04:00:00+00:00,1.6542,1.6952,1.6845,1.6941
557,2021-11-24 05:00:00+00:00,1.6728,1.6868,1.6941,1.6859
558,2021-11-24 06:00:00+00:00,1.6718,1.7132,1.6859,1.6859
559,2021-11-24 07:00:00+00:00,1.6545,1.6815,1.6859,1.6545
560,2021-11-24 08:00:00+00:00,1.6611,1.6912,1.6545,1.6838
561,2021-11-24 09:00:00+00:00,1.6903,1.7056,1.6838,1.7
562,2021-11-24 10:00:00+00:00,1.6838,1.72,1.7,1.6924
563,2021-11-24 11:00:00+00:00,1.6764,1.6896,1.6924,1.6767
564,2021-11-24 12:00:00+00:00,1.6658,1.6882,1.6767,1.6658
565,2021-11-24 13:00:00+00:00,1.6425,1.7029,1.6658,1.6425
566,2021-11-24 14:00:00+00:00,1.6285,1.6665,1.6425,1.6285
567,2021-11-24 15:00:00+00:00,1.598,1.6252,1.6285,1.6017
568,2021-11-24 16:00:00+00:00,1.6297,1.6536,1.6017,1.6325
569,2021-11-24 17:00:00+00:00,1.6218,1.6937,1.6325,1.6375
570,2021-11-24 18:00:00+00:00,1.6158,1.6539,1.6375,1.6167
571,2021-11-24 19:00:00+00:00,1.6147,1.6279,1.6167,1.6147
572,2021-11-24 20:00:00+00:00,1.6034,1.6305,1.6147,1.6034
573,2021-11-24 21:00:00+00:00,1.5944,1.6563,1.6034,1.6563
574,2021-11-24 22:00:00+00:00,1.6237,1.6503,1.6563,1.6237
575,2021-11-24 23:00:00+00:00,1.6437,1.6623,1.6237,1.6487
576,2021-11-25 00:00:00+00:00,1.6498,1.6634,1.6487,1.6538
577,2021-11-25 01:00:00+00:00,1.6511,1.6961,1.6538,1.6961
578,2021-11-25 02:00:00+00:00,1.6563,1.7028,1.6961,1.6813
579,2021-11-25 03:00:00+00:00,1.6502,1.6639,1.6813,1.6617
580,2021-11-25 04:00:00+00:00,1.6634,1.6975,1.6617,1.6975
581,2021-11-25 05:00:00+00:00,1.6729,1.7015,1.6975,1.6741
582,2021-11-25 06:00:00+00:00,1.6598,1.6768,1.6741,1.6598
583,2021-11-25 07:00:00+00:00,1.6291,1.6624,1.6598,1.6291
584,2021-11-25 08:00:00+00:00,1.6317,1.6556,1.6291,1.6468
585,2021-11-25 09:00:00+00:00,1.62,1.6501,1.6468,1.6252
586,2021-11-25 10:00:00+00:00,1.6001,1.6462,1.6252,1.6374
587,2021-11-25 11:00:00+00:00,1.6317,1.6808,1.6374,1.6808
588,2021-11-25 12:00:00+00:00,1.6615,1.6752,1.6808,1.6752
589,2021-11-25 13:00:00+00:00,1.6535,1.7003,1.6752,1.7003
590,2021-11-25 14:00:00+00:00,1.7012,1.7517,1.7003,1.7012
591,2021-11-25 15:00:00+00:00,1.7174,1.7528,1.7012,1.7174
592,2021-11-25 16:00:00+00:00,1.7228,1.7381,1.7174,1.7228
593,2021-11-25 17:00:00+00:00,1.7274,1.7459,1.7228,1.7274
594,2021-11-25 18:00:00+00:00,1.7089,1.7527,1.7274,1.7236
595,2021-11-25 19:00:00+00:00,1.6998,1.7414,1.7236,1.7195
596,2021-11-25 20:00:00+00:00,1.6909,1.7162,1.7195,1.701
597,2021-11-25 21:00:00+00:00,1.6841,1.7108,1.701,1.7074
598,2021-11-25 22:00:00+00:00,1.6821,1.7008,1.7074,1.6831
599,2021-11-25 23:00:00+00:00,1.6827,1.6999,1.6831,1.6999
600,2021-11-26 00:00:00+00:00,1.6729,1.718,1.6999,1.6729
601,2021-11-26 01:00:00+00:00,1.664,1.6989,1.6729,1.6725
602,2021-11-26 02:00:00+00:00,1.6552,1.692,1.6725,1.6663
603,2021-11-26 03:00:00+00:00,1.6355,1.6755,1.6663,1.6494
604,2021-11-26 04:00:00+00:00,1.633,1.6532,1.6494,1.633
605,2021-11-26 05:00:00+00:00,1.6342,1.6714,1.633,1.6384
606,2021-11-26 06:00:00+00:00,1.6319,1.6445,1.6384,1.6445
607,2021-11-26 07:00:00+00:00,1.6402,1.6537,1.6445,1.6537
608,2021-11-26 08:00:00+00:00,1.608,1.655,1.6537,1.608
609,2021-11-26 09:00:00+00:00,1.5195,1.603,1.608,1.5195
610,2021-11-26 10:00:00+00:00,1.5387,1.5641,1.5195,1.5491
611,2021-11-26 11:00:00+00:00,1.5343,1.5441,1.5491,1.5413
612,2021-11-26 12:00:00+00:00,1.5094,1.5518,1.5413,1.5106
613,2021-11-26 13:00:00+00:00,1.4796,1.5259,1.5106,1.5239
614,2021-11-26 14:00:00+00:00,1.5057,1.5624,1.5239,1.5624
615,2021-11-26 15:00:00+00:00,1.537,1.5733,1.5624,1.5723
616,2021-11-26 16:00:00+00:00,1.5512,1.5648,1.5723,1.5566
617,2021-11-26 17:00:00+00:00,1.535,1.5679,1.5566,1.5679
618,2021-11-26 18:00:00+00:00,1.5527,1.5953,1.5679,1.5612
619,2021-11-26 19:00:00+00:00,1.5479,1.5578,1.5612,1.5564
620,2021-11-26 20:00:00+00:00,1.5696,1.5726,1.5564,1.5726
621,2021-11-26 21:00:00+00:00,1.5527,1.5936,1.5726,1.5792
622,2021-11-26 22:00:00+00:00,1.5568,1.5724,1.5792,1.5583
623,2021-11-26 23:00:00+00:00,1.5535,1.5866,1.5583,1.5562
624,2021-11-27 00:00:00+00:00,1.559,1.5635,1.5562,1.5601
625,2021-11-27 01:00:00+00:00,1.5577,1.579,1.5601,1.5582
626,2021-11-27 02:00:00+00:00,1.5261,1.562,1.5582,1.5619
627,2021-11-27 03:00:00+00:00,1.5558,1.5712,1.5619,1.5661
628,2021-11-27 04:00:00+00:00,1.5587,1.5664,1.5661,1.5636
629,2021-11-27 05:00:00+00:00,1.536,1.5646,1.5636,1.5619
630,2021-11-27 06:00:00+00:00,1.5503,1.5639,1.5619,1.5511
631,2021-11-27 07:00:00+00:00,1.5371,1.5482,1.5511,1.5371
632,2021-11-27 08:00:00+00:00,1.5387,1.5425,1.5371,1.5425
633,2021-11-27 09:00:00+00:00,1.5359,1.5882,1.5425,1.5614
634,2021-11-27 10:00:00+00:00,1.5393,1.578,1.5614,1.5593
635,2021-11-27 11:00:00+00:00,1.539,1.5621,1.5593,1.5606
636,2021-11-27 12:00:00+00:00,1.531,1.5641,1.5606,1.5519
637,2021-11-27 13:00:00+00:00,1.5331,1.5593,1.5519,1.5564
638,2021-11-27 14:00:00+00:00,1.5482,1.5783,1.5564,1.5732
639,2021-11-27 15:00:00+00:00,1.5667,1.5736,1.5732,1.5667
640,2021-11-27 16:00:00+00:00,1.5478,1.5733,1.5667,1.5733
641,2021-11-27 17:00:00+00:00,1.565,1.5832,1.5733,1.5832
642,2021-11-27 18:00:00+00:00,1.5519,1.5943,1.5832,1.5718
643,2021-11-27 19:00:00+00:00,1.5411,1.5924,1.5718,1.5723
644,2021-11-27 20:00:00+00:00,1.5673,1.5947,1.5723,1.5673
645,2021-11-27 21:00:00+00:00,1.5444,1.5844,1.5673,1.5446
646,2021-11-27 22:00:00+00:00,1.5365,1.5532,1.5446,1.5499
647,2021-11-27 23:00:00+00:00,1.528,1.5552,1.5499,1.5545
648,2021-11-28 00:00:00+00:00,1.539,1.5661,1.5545,1.5414
649,2021-11-28 01:00:00+00:00,1.5123,1.5629,1.5414,1.5347
650,2021-11-28 02:00:00+00:00,1.5023,1.537,1.5347,1.5104
651,2021-11-28 03:00:00+00:00,1.4972,1.5337,1.5104,1.5001
652,2021-11-28 04:00:00+00:00,1.4955,1.5042,1.5001,1.4982
653,2021-11-28 05:00:00+00:00,1.4919,1.5006,1.4982,1.4919
654,2021-11-28 06:00:00+00:00,1.4814,1.4984,1.4919,1.4984
655,2021-11-28 07:00:00+00:00,1.4816,1.5058,1.4984,1.5058
656,2021-11-28 08:00:00+00:00,1.486,1.5324,1.5058,1.4934
657,2021-11-28 09:00:00+00:00,1.4849,1.5192,1.4934,1.5028
658,2021-11-28 10:00:00+00:00,1.4869,1.5056,1.5028,1.5056
659,2021-11-28 11:00:00+00:00,1.4999,1.521,1.5056,1.5185
660,2021-11-28 12:00:00+00:00,1.4955,1.5497,1.5185,1.513
661,2021-11-28 13:00:00+00:00,1.4851,1.5385,1.513,1.506
662,2021-11-28 14:00:00+00:00,1.4934,1.5093,1.506,1.5032
663,2021-11-28 15:00:00+00:00,1.4789,1.5236,1.5032,1.5033
664,2021-11-28 16:00:00+00:00,1.4856,1.5174,1.5033,1.5033
665,2021-11-28 17:00:00+00:00,1.4717,1.508,1.5033,1.4863
666,2021-11-28 18:00:00+00:00,1.4632,1.488,1.4863,1.4743
667,2021-11-28 19:00:00+00:00,1.4316,1.4777,1.4743,1.4575
668,2021-11-28 20:00:00+00:00,1.453,1.5,1.4575,1.4819
669,2021-11-28 21:00:00+00:00,1.4813,1.5183,1.4819,1.5183
670,2021-11-28 22:00:00+00:00,1.5152,1.5805,1.5183,1.5805
671,2021-11-28 23:00:00+00:00,1.5414,1.5925,1.5805,1.5533
672,2021-11-29 00:00:00+00:00,1.5609,1.5811,1.5533,1.5809
673,2021-11-29 01:00:00+00:00,1.5728,1.6114,1.5809,1.5728
674,2021-11-29 02:00:00+00:00,1.5808,1.6296,1.5728,1.6077
675,2021-11-29 03:00:00+00:00,1.5714,1.6222,1.6077,1.5714
676,2021-11-29 04:00:00+00:00,1.5848,1.6125,1.5714,1.6003
677,2021-11-29 05:00:00+00:00,1.5735,1.6095,1.6003,1.5904
678,2021-11-29 06:00:00+00:00,1.5622,1.5996,1.5904,1.5866
679,2021-11-29 07:00:00+00:00,1.5851,1.6046,1.5866,1.5863
680,2021-11-29 08:00:00+00:00,1.5894,1.5983,1.5863,1.5894
681,2021-11-29 09:00:00+00:00,1.5557,1.5866,1.5894,1.5557
682,2021-11-29 10:00:00+00:00,1.5561,1.5933,1.5557,1.561
683,2021-11-29 11:00:00+00:00,1.5528,1.5862,1.561,1.5738
684,2021-11-29 12:00:00+00:00,1.5671,1.579,1.5738,1.5675
685,2021-11-29 13:00:00+00:00,1.5414,1.5786,1.5675,1.5622
686,2021-11-29 14:00:00+00:00,1.5598,1.6156,1.5622,1.5892
687,2021-11-29 15:00:00+00:00,1.5706,1.5845,1.5892,1.5706
688,2021-11-29 16:00:00+00:00,1.5382,1.5684,1.5706,1.5647
689,2021-11-29 17:00:00+00:00,1.5519,1.6056,1.5647,1.5758
690,2021-11-29 18:00:00+00:00,1.5981,1.6389,1.5758,1.6389
691,2021-11-29 19:00:00+00:00,1.5982,1.6215,1.6389,1.5982
692,2021-11-29 20:00:00+00:00,1.5818,1.636,1.5982,1.5818
693,2021-11-29 21:00:00+00:00,1.5945,1.621,1.5818,1.6094
694,2021-11-29 22:00:00+00:00,1.6099,1.6358,1.6094,1.6109
695,2021-11-29 23:00:00+00:00,1.5906,1.639,1.6109,1.5906
696,2021-11-30 00:00:00+00:00,1.5895,1.6218,1.5906,1.604
697,2021-11-30 01:00:00+00:00,1.6039,1.6164,1.604,1.6059
698,2021-11-30 02:00:00+00:00,1.5957,1.6227,1.6059,1.5957
699,2021-11-30 03:00:00+00:00,1.5725,1.6095,1.5957,1.5952
700,2021-11-30 04:00:00+00:00,1.5758,1.5933,1.5952,1.5839
701,2021-11-30 05:00:00+00:00,1.581,1.6036,1.5839,1.5815
702,2021-11-30 06:00:00+00:00,1.5558,1.5866,1.5815,1.571
703,2021-11-30 07:00:00+00:00,1.5571,1.583,1.571,1.5644
704,2021-11-30 08:00:00+00:00,1.5532,1.5682,1.5644,1.5601
705,2021-11-30 09:00:00+00:00,1.5399,1.5802,1.5601,1.5722
706,2021-11-30 10:00:00+00:00,1.5595,1.5893,1.5722,1.5683
707,2021-11-30 11:00:00+00:00,1.556,1.5702,1.5683,1.556
708,2021-11-30 12:00:00+00:00,1.5744,1.5895,1.556,1.5895
709,2021-11-30 13:00:00+00:00,1.5887,1.6242,1.5895,1.6025
710,2021-11-30 14:00:00+00:00,1.5858,1.6161,1.6025,1.5858
711,2021-11-30 15:00:00+00:00,1.5959,1.6196,1.5858,1.5959
712,2021-11-30 16:00:00+00:00,1.5856,1.6191,1.5959,1.5935
713,2021-11-30 17:00:00+00:00,1.5724,1.5928,1.5935,1.5807
714,2021-11-30 18:00:00+00:00,1.5486,1.5736,1.5807,1.5736
715,2021-11-30 19:00:00+00:00,1.551,1.584,1.5736,1.5818
716,2021-11-30 20:00:00+00:00,1.5668,1.5823,1.5818,1.5668
717,2021-11-30 21:00:00+00:00,1.5646,1.5888,1.5668,1.5646
718,2021-11-30 22:00:00+00:00,1.5628,1.5875,1.5646,1.5662
719,2021-11-30 23:00:00+00:00,1.5491,1.5825,1.5662,1.5632
720,2021-12-01 00:00:00+00:00,1.554,1.578,1.5632,1.5542
721,2021-12-01 01:00:00+00:00,1.5622,1.5751,1.5542,1.5732
722,2021-12-01 02:00:00+00:00,1.5488,1.5812,1.5732,1.565
723,2021-12-01 03:00:00+00:00,1.5447,1.572,1.565,1.572
724,2021-12-01 04:00:00+00:00,1.5773,1.6032,1.572,1.6032
725,2021-12-01 05:00:00+00:00,1.574,1.6009,1.6032,1.5768
726,2021-12-01 06:00:00+00:00,1.5672,1.5862,1.5768,1.5672
727,2021-12-01 07:00:00+00:00,1.5709,1.5757,1.5672,1.5753
728,2021-12-01 08:00:00+00:00,1.5767,1.6033,1.5753,1.6033
729,2021-12-01 09:00:00+00:00,1.5609,1.6048,1.6033,1.5609
730,2021-12-01 10:00:00+00:00,1.5768,1.5977,1.5609,1.5956
731,2021-12-01 11:00:00+00:00,1.5849,1.6023,1.5956,1.5873
732,2021-12-01 12:00:00+00:00,1.571,1.6056,1.5873,1.571
733,2021-12-01 13:00:00+00:00,1.5782,1.5968,1.571,1.5782
734,2021-12-01 14:00:00+00:00,1.5769,1.6087,1.5782,1.5961
735,2021-12-01 15:00:00+00:00,1.603,1.6096,1.5961,1.603
736,2021-12-01 16:00:00+00:00,1.5886,1.6104,1.603,1.5988
737,2021-12-01 17:00:00+00:00,1.5891,1.6402,1.5988,1.6054
738,2021-12-01 18:00:00+00:00,1.5742,1.6216,1.6054,1.5941
739,2021-12-01 19:00:00+00:00,1.5798,1.6034,1.5941,1.6034
740,2021-12-01 20:00:00+00:00,1.5677,1.6005,1.6034,1.6005
741,2021-12-01 21:00:00+00:00,1.5444,1.5754,1.6005,1.5754
742,2021-12-01 22:00:00+00:00,1.5244,1.5694,1.5754,1.5244
743,2021-12-01 23:00:00+00:00,1.5195,1.5544,1.5244,1.5411
744,2021-12-02 00:00:00+00:00,1.5224,1.5669,1.5411,1.5457
745,2021-12-02 01:00:00+00:00,1.5,1.5498,1.5457,1.5496
746,2021-12-02 02:00:00+00:00,1.5455,1.5648,1.5496,1.5459
747,2021-12-02 03:00:00+00:00,1.5407,1.5599,1.5459,1.5486
748,2021-12-02 04:00:00+00:00,1.5223,1.547,1.5486,1.547
749,2021-12-02 05:00:00+00:00,1.5205,1.5567,1.547,1.5299
750,2021-12-02 06:00:00+00:00,1.5368,1.5456,1.5299,1.5428
751,2021-12-02 07:00:00+00:00,1.5359,1.5431,1.5428,1.5369
752,2021-12-02 08:00:00+00:00,1.5269,1.5474,1.5369,1.5461
753,2021-12-02 09:00:00+00:00,1.529,1.5543,1.5461,1.529
754,2021-12-02 10:00:00+00:00,1.547,1.5953,1.529,1.5953
755,2021-12-02 11:00:00+00:00,1.5595,1.584,1.5953,1.5789
756,2021-12-02 12:00:00+00:00,1.5526,1.6045,1.5789,1.6045
757,2021-12-02 13:00:00+00:00,1.6737,1.7657,1.6045,1.722
758,2021-12-02 14:00:00+00:00,1.6878,1.7286,1.722,1.6878
759,2021-12-02 15:00:00+00:00,1.67,1.738,1.6878,1.6836
760,2021-12-02 16:00:00+00:00,1.6655,1.6913,1.6836,1.6789
761,2021-12-02 17:00:00+00:00,1.6907,1.7536,1.6789,1.6977
762,2021-12-02 18:00:00+00:00,1.7047,1.7564,1.6977,1.7047
763,2021-12-02 19:00:00+00:00,1.7145,1.7404,1.7047,1.7261
764,2021-12-02 20:00:00+00:00,1.7025,1.7622,1.7261,1.7025
765,2021-12-02 21:00:00+00:00,1.701,1.7309,1.7025,1.7229
766,2021-12-02 22:00:00+00:00,1.7031,1.7338,1.7229,1.706
767,2021-12-02 23:00:00+00:00,1.6921,1.7245,1.706,1.7187
768,2021-12-03 00:00:00+00:00,1.7099,1.7264,1.7187,1.7148
769,2021-12-03 01:00:00+00:00,1.6859,1.7495,1.7148,1.6867
770,2021-12-03 02:00:00+00:00,1.6805,1.7129,1.6867,1.6868
771,2021-12-03 03:00:00+00:00,1.6657,1.6924,1.6868,1.6657
772,2021-12-03 04:00:00+00:00,1.6486,1.7035,1.6657,1.7018
773,2021-12-03 05:00:00+00:00,1.0,2.5,1.7018,1.663
774,2021-12-03 06:00:00+00:00,1.6536,1.7022,1.663,1.6927
775,2021-12-03 07:00:00+00:00,1.6484,1.689,1.6927,1.6636
776,2021-12-03 08:00:00+00:00,1.6476,1.6759,1.6636,1.6476
777,2021-12-03 09:00:00+00:00,1.6385,1.6625,1.6476,1.6608
778,2021-12-03 10:00:00+00:00,1.6548,1.6791,1.6608,1.6791
779,2021-12-03 11:00:00+00:00,1.657,1.6719,1.6791,1.6617
780,2021-12-03 12:00:00+00:00,1.6439,1.6678,1.6617,1.6439
781,2021-12-03 13:00:00+00:00,1.6279,1.6807,1.6439,1.6499
782,2021-12-03 14:00:00+00:00,1.65,1.6676,1.6499,1.6655
783,2021-12-03 15:00:00+00:00,1.6299,1.6749,1.6655,1.6299
784,2021-12-03 16:00:00+00:00,1.6091,1.643,1.6299,1.6156
785,2021-12-03 17:00:00+00:00,1.5833,1.6219,1.6156,1.6111
786,2021-12-03 18:00:00+00:00,1.5802,1.623,1.6111,1.623
787,2021-12-03 19:00:00+00:00,1.5961,1.6114,1.623,1.5983
788,2021-12-03 20:00:00+00:00,1.5702,1.6124,1.5983,1.5702
789,2021-12-03 21:00:00+00:00,1.5529,1.5832,1.5702,1.5832
790,2021-12-03 22:00:00+00:00,1.5748,1.5946,1.5832,1.5748
791,2021-12-03 23:00:00+00:00,1.5686,1.5958,1.5748,1.5686
792,2021-12-04 00:00:00+00:00,1.555,1.568,1.5686,1.555
793,2021-12-04 01:00:00+00:00,1.5099,1.5542,1.555,1.5099
794,2021-12-04 02:00:00+00:00,1.4796,1.5278,1.5099,1.5232
795,2021-12-04 03:00:00+00:00,1.4915,1.529,1.5232,1.5154
796,2021-12-04 04:00:00+00:00,1.4838,1.5256,1.5154,1.4946
797,2021-12-04 05:00:00+00:00,1.4861,1.5111,1.4946,1.4861
798,2021-12-04 06:00:00+00:00,1.2121,1.4247,1.4861,1.3336
799,2021-12-04 07:00:00+00:00,1.3185,1.3444,1.3336,1.3444
800,2021-12-04 08:00:00+00:00,1.2863,1.3434,1.3444,1.3369
801,2021-12-04 09:00:00+00:00,1.3528,1.3758,1.3369,1.3632
802,2021-12-04 10:00:00+00:00,1.3458,1.371,1.3632,1.3583
803,2021-12-04 11:00:00+00:00,1.3539,1.3742,1.3583,1.3742
804,2021-12-04 12:00:00+00:00,1.3461,1.355,1.3742,1.347
805,2021-12-04 13:00:00+00:00,1.3221,1.3614,1.347,1.356
806,2021-12-04 14:00:00+00:00,1.3479,1.367,1.356,1.3603
807,2021-12-04 15:00:00+00:00,1.3801,1.3926,1.3603,1.3926
808,2021-12-04 16:00:00+00:00,1.3818,1.4097,1.3926,1.4097
809,2021-12-04 17:00:00+00:00,1.3959,1.4013,1.4097,1.4013
810,2021-12-04 18:00:00+00:00,1.388,1.4204,1.4013,1.406
811,2021-12-04 19:00:00+00:00,1.4157,1.425,1.406,1.4241
812,2021-12-04 20:00:00+00:00,1.4229,1.438,1.4241,1.438
813,2021-12-04 21:00:00+00:00,1.4243,1.4442,1.438,1.4292
814,2021-12-04 22:00:00+00:00,1.4181,1.4316,1.4292,1.4181
815,2021-12-04 23:00:00+00:00,1.4119,1.4269,1.4181,1.426
816,2021-12-05 00:00:00+00:00,1.3889,1.4321,1.426,1.3889
817,2021-12-05 01:00:00+00:00,1.4081,1.4311,1.3889,1.4081
818,2021-12-05 02:00:00+00:00,1.3741,1.3903,1.4081,1.3897
819,2021-12-05 03:00:00+00:00,1.369,1.395,1.3897,1.3841
820,2021-12-05 04:00:00+00:00,1.3782,1.4117,1.3841,1.3998
821,2021-12-05 05:00:00+00:00,1.3836,1.404,1.3998,1.3861
822,2021-12-05 06:00:00+00:00,1.3818,1.4111,1.3861,1.4071
823,2021-12-05 07:00:00+00:00,1.3965,1.4143,1.4071,1.4091
824,2021-12-05 08:00:00+00:00,1.38,1.4075,1.4091,1.3822
825,2021-12-05 09:00:00+00:00,1.3713,1.4077,1.3822,1.3954
826,2021-12-05 10:00:00+00:00,1.3579,1.3914,1.3954,1.3688
827,2021-12-05 11:00:00+00:00,1.3727,1.3841,1.3688,1.377
828,2021-12-05 12:00:00+00:00,1.3631,1.3837,1.377,1.3774
829,2021-12-05 13:00:00+00:00,1.3762,1.4109,1.3774,1.4007
830,2021-12-05 14:00:00+00:00,1.3548,1.4043,1.4007,1.3791
831,2021-12-05 15:00:00+00:00,1.3428,1.3543,1.3791,1.3428
832,2021-12-05 16:00:00+00:00,1.2815,1.3251,1.3428,1.2973
833,2021-12-05 17:00:00+00:00,1.3301,1.3509,1.2973,1.3371
834,2021-12-05 18:00:00+00:00,1.3319,1.3503,1.3371,1.3503
835,2021-12-05 19:00:00+00:00,1.3268,1.3468,1.3503,1.344
836,2021-12-05 20:00:00+00:00,1.3117,1.3338,1.344,1.3338
837,2021-12-05 21:00:00+00:00,1.3233,1.3505,1.3338,1.3505
838,2021-12-05 22:00:00+00:00,1.3293,1.3636,1.3505,1.361
839,2021-12-05 23:00:00+00:00,1.3339,1.363,1.361,1.363
840,2021-12-06 00:00:00+00:00,1.3622,1.3763,1.363,1.3677
841,2021-12-06 01:00:00+00:00,1.3289,1.3505,1.3677,1.3289
842,2021-12-06 02:00:00+00:00,1.3237,1.3583,1.3289,1.3579
843,2021-12-06 03:00:00+00:00,1.3609,1.3776,1.3579,1.3776
844,2021-12-06 04:00:00+00:00,1.3476,1.3772,1.3776,1.3555
845,2021-12-06 05:00:00+00:00,1.3429,1.3877,1.3555,1.3877
846,2021-12-06 06:00:00+00:00,1.3369,1.3797,1.3877,1.3431
847,2021-12-06 07:00:00+00:00,1.3214,1.3559,1.3431,1.3331
848,2021-12-06 08:00:00+00:00,1.301,1.3229,1.3331,1.3061
849,2021-12-06 09:00:00+00:00,1.3002,1.3358,1.3061,1.3072
850,2021-12-06 10:00:00+00:00,1.287,1.3017,1.3072,1.2887
851,2021-12-06 11:00:00+00:00,1.2838,1.3096,1.2887,1.2838
852,2021-12-06 12:00:00+00:00,1.2431,1.3048,1.2838,1.3048
853,2021-12-06 13:00:00+00:00,1.2932,1.3171,1.3048,1.3101
854,2021-12-06 14:00:00+00:00,1.294,1.3091,1.3101,1.294
855,2021-12-06 15:00:00+00:00,1.2913,1.3146,1.294,1.3146
856,2021-12-06 16:00:00+00:00,1.2891,1.3443,1.3146,1.3443
857,2021-12-06 17:00:00+00:00,1.3124,1.3534,1.3443,1.3323
858,2021-12-06 18:00:00+00:00,1.337,1.3622,1.3323,1.338
859,2021-12-06 19:00:00+00:00,1.3091,1.356,1.338,1.344
860,2021-12-06 20:00:00+00:00,1.3447,1.3549,1.344,1.3474
861,2021-12-06 21:00:00+00:00,1.3427,1.3802,1.3474,1.353
862,2021-12-06 22:00:00+00:00,1.3532,1.3914,1.353,1.3914
863,2021-12-06 23:00:00+00:00,1.3743,1.4371,1.3914,1.4349
864,2021-12-07 00:00:00+00:00,1.3994,1.4396,1.4349,1.4396
865,2021-12-07 01:00:00+00:00,1.4212,1.4515,1.4396,1.4515
866,2021-12-07 02:00:00+00:00,1.4417,1.4666,1.4515,1.4421
867,2021-12-07 03:00:00+00:00,1.4332,1.4566,1.4421,1.4332
868,2021-12-07 04:00:00+00:00,1.4233,1.4586,1.4332,1.4417
869,2021-12-07 05:00:00+00:00,1.4268,1.4521,1.4417,1.4521
870,2021-12-07 06:00:00+00:00,1.4361,1.4593,1.4521,1.4573
871,2021-12-07 07:00:00+00:00,1.4361,1.47,1.4573,1.4361
872,2021-12-07 08:00:00+00:00,1.4195,1.4543,1.4361,1.4351
873,2021-12-07 09:00:00+00:00,1.4444,1.4446,1.4351,1.4446
874,2021-12-07 10:00:00+00:00,1.4497,1.4818,1.4446,1.457
875,2021-12-07 11:00:00+00:00,1.4344,1.4928,1.457,1.4577
876,2021-12-07 12:00:00+00:00,1.4355,1.4612,1.4577,1.4465
877,2021-12-07 13:00:00+00:00,1.4171,1.4428,1.4465,1.4236
878,2021-12-07 14:00:00+00:00,1.4263,1.4404,1.4236,1.4269
879,2021-12-07 15:00:00+00:00,1.4196,1.465,1.4269,1.465
880,2021-12-07 16:00:00+00:00,1.4343,1.4529,1.465,1.4368
881,2021-12-07 17:00:00+00:00,1.4171,1.4273,1.4368,1.4171
882,2021-12-07 18:00:00+00:00,1.3911,1.4303,1.4171,1.4059
883,2021-12-07 19:00:00+00:00,1.406,1.431,1.4059,1.4084
884,2021-12-07 20:00:00+00:00,1.3948,1.4048,1.4084,1.4042
885,2021-12-07 21:00:00+00:00,1.3787,1.4093,1.4042,1.3852
886,2021-12-07 22:00:00+00:00,1.3861,1.3992,1.3852,1.3861
887,2021-12-07 23:00:00+00:00,1.3565,1.398,1.3861,1.3675
888,2021-12-08 00:00:00+00:00,1.3623,1.3976,1.3675,1.3791
889,2021-12-08 01:00:00+00:00,1.3683,1.394,1.3791,1.3748
890,2021-12-08 02:00:00+00:00,1.3694,1.3808,1.3748,1.3773
891,2021-12-08 03:00:00+00:00,1.3535,1.3821,1.3773,1.3732
892,2021-12-08 04:00:00+00:00,1.3539,1.3765,1.3732,1.3539
893,2021-12-08 05:00:00+00:00,1.3533,1.3827,1.3539,1.3621
894,2021-12-08 06:00:00+00:00,1.3619,1.3868,1.3621,1.3705
895,2021-12-08 07:00:00+00:00,1.3614,1.3812,1.3705,1.3614
896,2021-12-08 08:00:00+00:00,1.3672,1.3996,1.3614,1.3852
897,2021-12-08 09:00:00+00:00,1.3747,1.3933,1.3852,1.3858
898,2021-12-08 10:00:00+00:00,1.367,1.4132,1.3858,1.3761
899,2021-12-08 11:00:00+00:00,1.3617,1.3912,1.3761,1.3617
900,2021-12-08 12:00:00+00:00,1.352,1.3784,1.3617,1.3578
901,2021-12-08 13:00:00+00:00,1.3495,1.3789,1.3578,1.376
902,2021-12-08 14:00:00+00:00,1.3608,1.3937,1.376,1.3732
903,2021-12-08 15:00:00+00:00,1.3666,1.4051,1.3732,1.4049
904,2021-12-08 16:00:00+00:00,1.3955,1.432,1.4049,1.4011
905,2021-12-08 17:00:00+00:00,1.385,1.4038,1.4011,1.385
906,2021-12-08 18:00:00+00:00,1.3898,1.4026,1.385,1.4019
907,2021-12-08 19:00:00+00:00,1.3803,2.5,1.4019,1.3914
908,2021-12-08 20:00:00+00:00,1.3991,1.4523,1.3914,1.4523
909,2021-12-08 21:00:00+00:00,1.3953,1.4074,1.4523,1.4074
910,2021-12-08 22:00:00+00:00,1.4002,1.418,1.4074,1.418
911,2021-12-08 23:00:00+00:00,1.0,1.4523,1.418,1.376
912,2021-12-09 00:00:00+00:00,1.3853,1.3983,1.376,1.3983
913,2021-12-09 01:00:00+00:00,1.394,1.4243,1.3983,1.4008
914,2021-12-09 02:00:00+00:00,1.3873,1.3943,1.4008,1.3874
915,2021-12-09 03:00:00+00:00,1.3679,1.3841,1.3874,1.3741
916,2021-12-09 04:00:00+00:00,1.3607,1.3833,1.3741,1.3833
917,2021-12-09 05:00:00+00:00,1.3603,1.3779,1.3833,1.3603
918,2021-12-09 06:00:00+00:00,1.364,1.3802,1.3603,1.3763
919,2021-12-09 07:00:00+00:00,1.3574,1.3875,1.3763,1.3736
920,2021-12-09 08:00:00+00:00,1.3436,1.3878,1.3736,1.3727
921,2021-12-09 09:00:00+00:00,1.3653,1.3833,1.3727,1.3662
922,2021-12-09 10:00:00+00:00,1.3495,1.3691,1.3662,1.3691
923,2021-12-09 11:00:00+00:00,1.3376,1.3744,1.3691,1.3534
924,2021-12-09 12:00:00+00:00,1.3358,1.3562,1.3534,1.3436
925,2021-12-09 13:00:00+00:00,1.342,1.3672,1.3436,1.3642
926,2021-12-09 14:00:00+00:00,1.3422,1.3702,1.3642,1.3702
927,2021-12-09 15:00:00+00:00,1.3433,1.3735,1.3702,1.3433
928,2021-12-09 16:00:00+00:00,1.3179,1.336,1.3433,1.333
929,2021-12-09 17:00:00+00:00,1.321,1.3468,1.333,1.321
930,2021-12-09 18:00:00+00:00,1.3159,1.3388,1.321,1.3159
931,2021-12-09 19:00:00+00:00,1.3001,1.3258,1.3159,1.3001
932,2021-12-09 20:00:00+00:00,1.304,1.3247,1.3001,1.3041
933,2021-12-09 21:00:00+00:00,1.2874,1.3156,1.3041,1.2874
934,2021-12-09 22:00:00+00:00,1.3033,1.3091,1.2874,1.3091
935,2021-12-09 23:00:00+00:00,1.3001,1.3239,1.3091,1.3054
936,2021-12-10 00:00:00+00:00,1.29,1.3197,1.3054,1.29
937,2021-12-10 01:00:00+00:00,1.289,1.3153,1.29,1.3051
938,2021-12-10 02:00:00+00:00,1.2766,1.3227,1.3051,1.3084
939,2021-12-10 03:00:00+00:00,1.303,1.3278,1.3084,1.309
940,2021-12-10 04:00:00+00:00,1.3008,1.3052,1.309,1.301
941,2021-12-10 05:00:00+00:00,1.2804,1.3168,1.301,1.3166
942,2021-12-10 06:00:00+00:00,1.2925,1.31,1.3166,1.2925
943,2021-12-10 07:00:00+00:00,1.2893,1.3157,1.2925,1.3059
944,2021-12-10 08:00:00+00:00,1.2757,1.2972,1.3059,1.2972
945,2021-12-10 09:00:00+00:00,1.2768,1.289,1.2972,1.289
946,2021-12-10 10:00:00+00:00,1.2899,1.299,1.289,1.299
947,2021-12-10 11:00:00+00:00,1.2981,1.3039,1.299,1.2981
948,2021-12-10 12:00:00+00:00,1.296,1.3124,1.2981,1.3124
949,2021-12-10 13:00:00+00:00,1.3111,1.3363,1.3124,1.3142
950,2021-12-10 14:00:00+00:00,1.304,1.3262,1.3142,1.3082
951,2021-12-10 15:00:00+00:00,1.2825,1.326,1.3082,1.2939
952,2021-12-10 16:00:00+00:00,1.2637,1.2891,1.2939,1.2637
953,2021-12-10 17:00:00+00:00,1.2579,1.2771,1.2637,1.263
954,2021-12-10 18:00:00+00:00,1.2456,1.2639,1.263,1.2598
955,2021-12-10 19:00:00+00:00,1.2477,1.2638,1.2598,1.2638
956,2021-12-10 20:00:00+00:00,1.2569,1.2818,1.2638,1.2628
957,2021-12-10 21:00:00+00:00,1.2498,1.2891,1.2628,1.2498
958,2021-12-10 22:00:00+00:00,1.2353,1.2681,1.2498,1.2353
959,2021-12-10 23:00:00+00:00,1.2412,1.2509,1.2353,1.2412
960,2021-12-11 00:00:00+00:00,1.233,1.2482,1.2412,1.233
961,2021-12-11 01:00:00+00:00,1.2068,1.2415,1.233,1.2211
962,2021-12-11 02:00:00+00:00,1.2112,1.2258,1.2211,1.2256
963,2021-12-11 03:00:00+00:00,1.22,1.2419,1.2256,1.2419
964,2021-12-11 04:00:00+00:00,1.2282,1.2403,1.2419,1.2362
965,2021-12-11 05:00:00+00:00,1.2375,1.2441,1.2362,1.2441
966,2021-12-11 06:00:00+00:00,1.2453,1.2511,1.2441,1.2511
967,2021-12-11 07:00:00+00:00,1.2318,1.2551,1.2511,1.2371
968,2021-12-11 08:00:00+00:00,1.237,1.251,1.2371,1.2432
969,2021-12-11 09:00:00+00:00,1.235,1.2601,1.2432,1.2581
970,2021-12-11 10:00:00+00:00,1.2529,1.2733,1.2581,1.2689
971,2021-12-11 11:00:00+00:00,1.2731,1.284,1.2689,1.284
972,2021-12-11 12:00:00+00:00,1.2728,1.2941,1.284,1.2797
973,2021-12-11 13:00:00+00:00,1.2822,1.286,1.2797,1.2832
974,2021-12-11 14:00:00+00:00,1.2745,1.2912,1.2832,1.2838
975,2021-12-11 15:00:00+00:00,1.2714,1.2779,1.2838,1.2779
976,2021-12-11 16:00:00+00:00,1.2706,1.3154,1.2779,1.3051
977,2021-12-11 17:00:00+00:00,1.2903,1.3121,1.3051,1.3041
978,2021-12-11 18:00:00+00:00,1.2785,1.2999,1.3041,1.2785
979,2021-12-11 19:00:00+00:00,1.29,1.3067,1.2785,1.3032
980,2021-12-11 20:00:00+00:00,1.2919,1.302,1.3032,1.2919
981,2021-12-11 21:00:00+00:00,1.2848,1.299,1.2919,1.2988
982,2021-12-11 22:00:00+00:00,1.3042,1.3523,1.2988,1.3523
983,2021-12-11 23:00:00+00:00,1.3329,1.3581,1.3523,1.3579
984,2021-12-12 00:00:00+00:00,1.335,1.3586,1.3579,1.354
985,2021-12-12 01:00:00+00:00,1.373,1.3741,1.354,1.3741
986,2021-12-12 02:00:00+00:00,1.3741,1.3829,1.3741,1.3778
987,2021-12-12 03:00:00+00:00,1.3793,1.4016,1.3778,1.4016
988,2021-12-12 04:00:00+00:00,1.3692,1.3869,1.4016,1.3692
989,2021-12-12 05:00:00+00:00,1.345,1.4012,1.3692,1.345
990,2021-12-12 06:00:00+00:00,1.3492,1.3505,1.345,1.3492
991,2021-12-12 07:00:00+00:00,1.3458,1.3605,1.3492,1.3458
992,2021-12-12 08:00:00+00:00,1.3432,1.3615,1.3458,1.3485
993,2021-12-12 09:00:00+00:00,1.3313,1.3414,1.3485,1.3313
994,2021-12-12 10:00:00+00:00,1.3222,1.3605,1.3313,1.3222
995,2021-12-12 11:00:00+00:00,1.3268,1.3378,1.3222,1.3318
996,2021-12-12 12:00:00+00:00,1.3323,1.3439,1.3318,1.34
997,2021-12-12 13:00:00+00:00,1.3321,1.3642,1.34,1.3321
998,2021-12-12 14:00:00+00:00,1.3329,1.3462,1.3321,1.3329
999,2021-12-12 15:00:00+00:00,1.3311,1.3413,1.3329,1.3362
